film	Blade Runner (1982 film)
art	Pablo Picasso
art	Andy Warhol
fashion	Alexander McQueen
music	Bob Dylan
music	Kanye West
music	Jimi Hendrix
art	Jean-Michel Basquiat
music	Louis Armstrong
music	Madonna (entertainer)
television	Saturday Night Live
film	Luis Buñuel
music	Bing Crosby
film	Charlie Chaplin
other	Malcolm X
music	Igor Stravinsky
music	James Brown
music	John Coltrane
theater	Tennessee Williams
film	George Lucas
music	Charlie Parker
theater	Stephen Sondheim
art	Salvador Dalí
music	Aaron Copland
comedy	Bob Hope
music	Michael Jackson
music	Nirvana (band)
music	Marvin Gaye
design	Isamu Noguchi
music	James P. Johnson
theater	Leonard Bernstein
film	Forbidden Planet (1956 film)
music	Lady Gaga
architecture	Le Corbusier
music	Ella Fitzgerald
music	Stevie Wonder
film	Martin Scorsese
music	Elvis Presley
film	Quentin Tarantino
film	Cameron Crowe
film	Fritz Lang
comedy	Monty Python
film	Robert Altman
music	Nina Simone
literature	George Orwell
art	Alberto Giacometti
comedy	Chris Rock
film	D. W. Griffith
music	Pixies (band)
theater	Lin-Manuel Miranda
music	Tony Bennett
fashion	Halston
music	Led Zeppelin
music	Pharrell Williams
music	Queen (band)
music	Brian Eno
music	Grace Jones
music	Patti Smith
art	Edward Hopper
theater	Sarah Bernhardt
music	Frank Zappa
art	Marcel Duchamp
music	Mariah Carey
literature	Philip K. Dick
dance	Sergei Diaghilev
film	Billy Wilder
music	Count Basie
literature	Ernest Hemingway
music	The Rolling Stones
fashion	Mariano Fortuny
comedy	Dick Gregory
art	Diego Rivera
music	George Gershwin
music	Karlheinz Stockhausen
film	Godfrey Reggio
comedy	Mel Brooks
music	The Beach Boys
film	F. W. Murnau
music	Eminem
literature	William Faulkner
television	Charlie Brooker
music	Britney Spears
music	Kid Cudi
music	Philip Glass
music	Taylor Swift
television	Ricky Gervais
music	Aretha Franklin
film	John Ford
art	Paul Cézanne
music	D'Angelo
art	Henri Matisse
television	David Milch
music	Erik Satie
literature	Federico García Lorca
music	Arcade Fire
dance	Gene Kelly
film	Jean Cocteau
music	Joni Mitchell
music	Missy Elliott
music	Yasiin Bey
music	Parliament-Funkadelic
comedy	Redd Foxx
music	Sam Cooke
music	Samuel Barber
film	The Wizard of Oz (1939 film)
music	Captain Beefheart
music	U2
music	Usher (musician)
television	Greg Daniels
music	The Strokes
music	Jay-Z
music	John Cage
film	Paul Thomas Anderson
music	Barbra Streisand
music	Hans Zimmer
music	Max Roach
music	Sonic Youth
literature	James Baldwin
fashion	Jean-Paul Gaultier
literature	Marcel Proust
music	Charles Mingus
music	Frank Ocean
art	Keith Haring
art	Robert Rauschenberg
architecture	Walter Gropius
music	Antônio Carlos Jobim
music	Woody Guthrie
art	Judy Chicago
music	Herbie Hancock
music	Dizzy Gillespie
film	François Truffaut
music	Mary Lou Williams
music	Marian Anderson
literature	T. S. Eliot
music	Laurie Anderson
music	Siouxsie and the Banshees
music	SZA
music	The Roots (band)
film	Sofia Coppola
film	Michelangelo Antonioni
film	Andrei Tarkovsky
literature	Guy Debord
art	El Lissitzky
literature	Richard Wright
film	Francis Ford Coppola
literature	Franz Kafka
literature	F. Scott Fitzgerald
film	Judd Apatow
film	Sergei Eisenstein
music	Bessie Smith
music	The Beatles
music	Abel Meeropol
dance	Isadora Duncan
music	Janelle Monáe
art	Joan Miró
music	Whitney Houston
film	Pauline Kael
film	Mae West
film	Vera Miles
film	Judy Garland
film	Bette Davis
film	Maria Lani
film	Agnès Varda
film	Maya Deren
film	Ida Lupino
film	Kathleen Collins
art	Mary Beth Edelson
art	Tatyana Grosman
art	Marie Laurencin
art	Nan Hoover
art	Thelma Johnson Streat
art	Betsy Graves Reyneau
literature	Gertrude Stein
literature	Alice Walker
literature	Joy Harjo
literature	Namwali Serpell
literature	Jane Gardam
literature	Elizabeth Stordeur Pryor
literature	Octavia E. Butler
television	Susan Harris
television	Terry Louise Fisher
television	Debora Cahn
comedy	Lucille Ball
comedy	Elaine May
comedy	Tina Fey
comedy	Sarah Silverman
theater	Katharine Cornell
theater	Elizabeth Seal
fashion	Zsa Zsa Gabor
fashion	Suzy Parker
dance	Anna Pavlova
dance	Mary Hinkson
dance	Syvilla Fort
architecture	Denise Scott Brown
architecture	Eileen Gray
architecture	Lina Bo Bardi
other	Angela Y. Davis
music	Lauryn Hill
music	Rosemary Clooney
music	Sarah Vaughan
music	Abbey Lincoln
music	Celia Cruz
music	Amy Winehouse
music	Linda Ronstadt
music	Eartha Kitt
music	Diana Ross
idea	Cybernetics
idea	Afrofuturism
institution	Bauhaus
institution	Black Mountain College
music	Roland TR-808
music	Delia Derbyshire
theater	Oscar Hammerstein II
theater	Dorothy Fields
cars	Citroën DS
cars	Syd Mead
business	Nintendo
business	Tiffany & Co.
food	Neapolitan pizza
food	Julia Child
cocktail	Negroni
cocktail	Vesper (cocktail)
perfume	Chanel No. 5
perfume	Shalimar (perfume)
video game	The Legend of Zelda (1986 video game)
video game	Roberta Williams
board game	Monopoly (game)
board game	Risk (game)
design	Saul Bass
design	Corita Kent
